<?xml version="1.0" encoding="UTF-8"?>
<WebsiteNavigation>
	<URI></URI>
	<Modified>2014-07-04T21:00:00</Modified>
	<Description></Description>
	<Rights></Rights>
	<WebsiteNavigation>
		<Label>Business</Label>
		<Type>Website navigation</Type>
		<WebsiteNavigation>
		<Label>Trading standards</Label>
		<Type>Website navigation</Type></WebsiteNavigation>
		<WebsiteNavigation>
		<Label>Tenders and procurement</Label>
		<Type>Website navigation</Type></WebsiteNavigation>
		<WebsiteNavigation>
		<Label>Licences and permits</Label>
		<Type>Website navigation</Type></WebsiteNavigation>
		<WebsiteNavigation>
		<Label>Planning and building control for business</Label>
		<Type>Website navigation</Type></WebsiteNavigation>
		<WebsiteNavigation>
		<Label>Environmental health</Label>
		<Type>Website navigation</Type></WebsiteNavigation>
		<WebsiteNavigation>
		<Label>Business finance, funding and grants</Label>
		<Type>Website navigation</Type></WebsiteNavigation>
		<WebsiteNavigation>
		<Label>Filming in Liverpool</Label>
		<Type>Website navigation</Type></WebsiteNavigation>
		<WebsiteNavigation>
		<Label>Regenerating Liverpool</Label>
		<Type>Website navigation</Type></WebsiteNavigation>
		<WebsiteNavigation>
		<Label>Business continuity</Label>
		<Type>Website navigation</Type></WebsiteNavigation>
		<WebsiteNavigation>
		<Label>Health and safety</Label>
		<Type>Website navigation</Type></WebsiteNavigation>
		<WebsiteNavigation>
		<Label>Land and property</Label>
		<Type>Website navigation</Type></WebsiteNavigation>
		<WebsiteNavigation>
		<Label>Business support and advice</Label>
		<Type>Website navigation</Type></WebsiteNavigation>
		<WebsiteNavigation>
		<Label>Business 404</Label>
		<Type>Website navigation</Type></WebsiteNavigation>
		<WebsiteNavigation>
		<Label>CCTV - Third party requests</Label>
		<Type>Website navigation</Type></WebsiteNavigation>
		<WebsiteNavigation>
		<Label>News</Label>
		<Type>Website navigation</Type></WebsiteNavigation>
		<WebsiteNavigation>
		<Label>Private landlords</Label>
		<Type>Website navigation</Type></WebsiteNavigation>
	</WebsiteNavigation>
	<WebsiteNavigation>
		<Label>Council</Label>
		<Type>Website navigation</Type>
		<WebsiteNavigation>
		<Label>Voting and elections</Label>
		<Type>Website navigation</Type></WebsiteNavigation>
		<WebsiteNavigation>
		<Label>Councillors and committees</Label>
		<Type>Website navigation</Type></WebsiteNavigation>
		<WebsiteNavigation>
		<Label>Complaints and feedback</Label>
		<Type>Website navigation</Type></WebsiteNavigation>
		<WebsiteNavigation>
		<Label>Strategies, plans and policies</Label>
		<Type>Website navigation</Type></WebsiteNavigation>
		<WebsiteNavigation>
		<Label>Performance and spending</Label>
		<Type>Website navigation</Type></WebsiteNavigation>
		<WebsiteNavigation>
		<Label>Data protection and freedom of information</Label>
		<Type>Website navigation</Type></WebsiteNavigation>
		<WebsiteNavigation>
		<Label>Consultation</Label>
		<Type>Website navigation</Type></WebsiteNavigation>
		<WebsiteNavigation>
		<Label>Our vision and aims</Label>
		<Type>Website navigation</Type></WebsiteNavigation>
		<WebsiteNavigation>
		<Label>One Stop Shops</Label>
		<Type>Website navigation</Type></WebsiteNavigation>
		<WebsiteNavigation>
		<Label>Joint ventures</Label>
		<Type>Website navigation</Type></WebsiteNavigation>
		<WebsiteNavigation>
		<Label>Key statistics and data</Label>
		<Type>Website navigation</Type></WebsiteNavigation>
		<WebsiteNavigation>
		<Label>Service standards</Label>
		<Type>Website navigation</Type></WebsiteNavigation>
		<WebsiteNavigation>
		<Label>News</Label>
		<Type>Website navigation</Type></WebsiteNavigation>
	</WebsiteNavigation>
	<!--
	<WebsiteNavigation>
		<Label>Mayor</Label>
		<Type>Website navigation</Type>
		<WebsiteNavigation>
		<Label>About the Mayor</Label>
		<Type>Website navigation</Type></WebsiteNavigation>
		<WebsiteNavigation>
		<Label>Messages from the Mayor</Label>
		<Type>Website navigation</Type></WebsiteNavigation>
		<WebsiteNavigation>
		<Label>How the Mayor's office works</Label>
		<Type>Website navigation</Type></WebsiteNavigation>
		<WebsiteNavigation>
		<Label>My priorities</Label>
		<Type>Website navigation</Type></WebsiteNavigation>
		<WebsiteNavigation>
		<Label>Mayoral Commissions</Label>
		<Type>Website navigation</Type></WebsiteNavigation>
		<WebsiteNavigation>
		<Label>Mayor's Budget 2014/15-2016/17</Label>
		<Type>Website navigation</Type></WebsiteNavigation>
	</WebsiteNavigation>
	-->
	<WebsiteNavigation>
		<Label>Leisure, Parks &amp; Events</Label>
		<Type>Website navigation</Type>
		<WebsiteNavigation>
		<Label>Lifestyles</Label>
		<Type>Website navigation</Type></WebsiteNavigation>
		<WebsiteNavigation>
		<Label>Parks and greenspaces</Label>
		<Type>Website navigation</Type></WebsiteNavigation>
		<WebsiteNavigation>
		<Label>Events</Label>
		<Type>Website navigation</Type></WebsiteNavigation>
		<WebsiteNavigation>
		<Label>Horseriding</Label>
		<Type>Website navigation</Type></WebsiteNavigation>
		<WebsiteNavigation>
		<Label>Allotments</Label>
		<Type>Website navigation</Type></WebsiteNavigation>
		<WebsiteNavigation>
		<Label>Golf</Label>
		<Type>Website navigation</Type></WebsiteNavigation>
		<WebsiteNavigation>
		<Label>Information for tourists</Label>
		<Type>Website navigation</Type></WebsiteNavigation>
		<WebsiteNavigation>
		<Label>Markets</Label>
		<Type>Website navigation</Type></WebsiteNavigation>
		<WebsiteNavigation>
		<Label>Cycling information</Label>
		<Type>Website navigation</Type></WebsiteNavigation>
		<WebsiteNavigation>
		<Label>Young people's activities</Label>
		<Type>Website navigation</Type></WebsiteNavigation>
		<WebsiteNavigation>
		<Label>Angling</Label>
		<Type>Website navigation</Type></WebsiteNavigation>
	</WebsiteNavigation>
	<WebsiteNavigation>
		<Label>Bins and recycling</Label>
		<Type>Website navigation</Type>
		<WebsiteNavigation>
		<Label>Bin collection dates</Label>
		<Type>Website navigation</Type></WebsiteNavigation>
		<WebsiteNavigation>
		<Label>Report bins and waste related issues</Label>
		<Type>Website navigation</Type></WebsiteNavigation>
		<WebsiteNavigation>
		<Label>Find a recycling centre or tip</Label>
		<Type>Website navigation</Type></WebsiteNavigation>
		<WebsiteNavigation>
		<Label>What goes in my bins?</Label>
		<Type>Website navigation</Type></WebsiteNavigation>
		<WebsiteNavigation>
		<Label>Bulky item collection - Bulky Bob's</Label>
		<Type>Website navigation</Type></WebsiteNavigation>
		<WebsiteNavigation>
		<Label>Compost bins</Label>
		<Type>Website navigation</Type></WebsiteNavigation>
		<WebsiteNavigation>
		<Label>Collection of sharps bins</Label>
		<Type>Website navigation</Type></WebsiteNavigation>
	</WebsiteNavigation>
	<WebsiteNavigation>
		<Label>Council Tax</Label>
		<Type>Website navigation</Type>
		<WebsiteNavigation>
		<Label>Council Tax : How to pay it</Label>
		<Type>Website navigation</Type></WebsiteNavigation>
		<WebsiteNavigation>
		<Label>How much is my Council Tax?</Label>
		<Type>Website navigation</Type></WebsiteNavigation>
		<WebsiteNavigation>
		<Label>Council Tax Bands</Label>
		<Type>Website navigation</Type></WebsiteNavigation>
		<WebsiteNavigation>
		<Label>Council Tax discounts and exemptions</Label>
		<Type>Website navigation</Type></WebsiteNavigation>
		<WebsiteNavigation>
		<Label>Council Tax Support</Label>
		<Type>Website navigation</Type></WebsiteNavigation>
		<WebsiteNavigation>
		<Label>Problems paying your Council Tax?</Label>
		<Type>Website navigation</Type></WebsiteNavigation>
		<WebsiteNavigation>
		<Label>Who should pay Council Tax?</Label>
		<Type>Website navigation</Type></WebsiteNavigation>
		<WebsiteNavigation>
		<Label>Paperless billing</Label>
		<Type>Website navigation</Type></WebsiteNavigation>
		<WebsiteNavigation>
		<Label>Information guides</Label>
		<Type>Website navigation</Type></WebsiteNavigation>
	</WebsiteNavigation>
	<WebsiteNavigation>
		<Label>Parking, travel and roads</Label>
		<Type>Website navigation</Type>
		<WebsiteNavigation>
		<Label>Pay a parking fine or bus lane PCN</Label>
		<Type>Website navigation</Type></WebsiteNavigation>
		<WebsiteNavigation>
		<Label>Challenge a parking PCN</Label>
		<Type>Website navigation</Type></WebsiteNavigation>
		<WebsiteNavigation>
		<Label>Challenge a bus lane PCN</Label>
		<Type>Website navigation</Type></WebsiteNavigation>
		<WebsiteNavigation>
		<Label>Council car parks</Label>
		<Type>Website navigation</Type></WebsiteNavigation>
		<WebsiteNavigation>
		<Label>Parking permits</Label>
		<Type>Website navigation</Type></WebsiteNavigation>
		<WebsiteNavigation>
		<Label>Cycling</Label>
		<Type>Website navigation</Type></WebsiteNavigation>
		<WebsiteNavigation>
		<Label>Controlled parking zones</Label>
		<Type>Website navigation</Type></WebsiteNavigation>
		<WebsiteNavigation>
		<Label>Bus lane enforcement</Label>
		<Type>Website navigation</Type></WebsiteNavigation>
		<WebsiteNavigation>
		<Label>Public transport information</Label>
		<Type>Website navigation</Type></WebsiteNavigation>
		<WebsiteNavigation>
		<Label>Roadworks</Label>
		<Type>Website navigation</Type></WebsiteNavigation>
		<WebsiteNavigation>
		<Label>Road safety</Label>
		<Type>Website navigation</Type></WebsiteNavigation>
		<WebsiteNavigation>
		<Label>Public rights of way</Label>
		<Type>Website navigation</Type></WebsiteNavigation>
		<WebsiteNavigation>
		<Label>Report street issues</Label>
		<Type>Website navigation</Type></WebsiteNavigation>
		<WebsiteNavigation>
		<Label>Winter gritting</Label>
		<Type>Website navigation</Type></WebsiteNavigation>
	</WebsiteNavigation>
	<WebsiteNavigation>
		<Label>Schools and learning</Label>
		<Type>Website navigation</Type>
		<WebsiteNavigation>
		<Label>School admissions</Label>
		<Type>Website navigation</Type></WebsiteNavigation>
		<WebsiteNavigation>
		<Label>Early years and childcare</Label>
		<Type>Website navigation</Type></WebsiteNavigation>
		<WebsiteNavigation>
		<Label>School term dates</Label>
		<Type>Website navigation</Type></WebsiteNavigation>
		<WebsiteNavigation>
		<Label>Adult learning</Label>
		<Type>Website navigation</Type></WebsiteNavigation>
		<WebsiteNavigation>
		<Label>School grants and funding</Label>
		<Type>Website navigation</Type></WebsiteNavigation>
		<WebsiteNavigation>
		<Label>Special Educational Needs (SEN)</Label>
		<Type>Website navigation</Type></WebsiteNavigation>
		<WebsiteNavigation>
		<Label>Support for ethnic minorities</Label>
		<Type>Website navigation</Type></WebsiteNavigation>
		<WebsiteNavigation>
		<Label>Home education</Label>
		<Type>Website navigation</Type></WebsiteNavigation>
		<WebsiteNavigation>
		<Label>School attendance, behaviour and welfare</Label>
		<Type>Website navigation</Type></WebsiteNavigation>
		<WebsiteNavigation>
		<Label>Newly qualified teachers</Label>
		<Type>Website navigation</Type></WebsiteNavigation>
		<WebsiteNavigation>
		<Label>School governors</Label>
		<Type>Website navigation</Type></WebsiteNavigation>
	</WebsiteNavigation>
	<WebsiteNavigation>
		<Label>Jobs and training</Label>
		<Type>Website navigation</Type>
		<WebsiteNavigation>
		<Label>Current vacancies</Label>
		<Type>Website navigation</Type></WebsiteNavigation>
		<WebsiteNavigation>
		<Label>Working for us</Label>
		<Type>Website navigation</Type></WebsiteNavigation>
		<WebsiteNavigation>
		<Label>Help finding work</Label>
		<Type>Website navigation</Type></WebsiteNavigation>
		<WebsiteNavigation>
		<Label>How to apply</Label>
		<Type>Website navigation</Type></WebsiteNavigation>
	</WebsiteNavigation>
	<WebsiteNavigation>
		<Label>Planning and building control</Label>
		<Type>Website navigation</Type>
		<WebsiteNavigation>
		<Label>Planning for householders</Label>
		<Type>Website navigation</Type></WebsiteNavigation>
		<WebsiteNavigation>
		<Label>Make a planning application</Label>
		<Type>Website navigation</Type></WebsiteNavigation>
		<WebsiteNavigation>
		<Label>Search and track current applications</Label>
		<Type>Website navigation</Type></WebsiteNavigation>
		<WebsiteNavigation>
		<Label>Planning for businesses</Label>
		<Type>Website navigation</Type></WebsiteNavigation>
		<WebsiteNavigation>
		<Label>Planning forms and checklists</Label>
		<Type>Website navigation</Type></WebsiteNavigation>
		<WebsiteNavigation>
		<Label>Comment on a planning application</Label>
		<Type>Website navigation</Type></WebsiteNavigation>
		<WebsiteNavigation>
		<Label>Planning guidance and policies</Label>
		<Type>Website navigation</Type></WebsiteNavigation>
		<WebsiteNavigation>
		<Label>Conservation Areas</Label>
		<Type>Website navigation</Type></WebsiteNavigation>
		<WebsiteNavigation>
		<Label>Planning enforcement</Label>
		<Type>Website navigation</Type></WebsiteNavigation>
		<WebsiteNavigation>
		<Label>Street naming and numbering</Label>
		<Type>Website navigation</Type></WebsiteNavigation>
	</WebsiteNavigation>
	<WebsiteNavigation>
		<Label>Benefits and grants</Label>
		<Type>Website navigation</Type>
		<WebsiteNavigation>
		<Label>Benefits advice</Label>
		<Type>Website navigation</Type></WebsiteNavigation>
		<WebsiteNavigation>
		<Label>Council Tax Support</Label>
		<Type>Website navigation</Type></WebsiteNavigation>
		<WebsiteNavigation>
		<Label>Housing benefits</Label>
		<Type>Website navigation</Type></WebsiteNavigation>
		<WebsiteNavigation>
		<Label>Children and family benefits</Label>
		<Type>Website navigation</Type></WebsiteNavigation>
		<WebsiteNavigation>
		<Label>Health and social care benefits</Label>
		<Type>Website navigation</Type></WebsiteNavigation>
		<WebsiteNavigation>
		<Label>Education grants and benefits</Label>
		<Type>Website navigation</Type></WebsiteNavigation>
		<WebsiteNavigation>
		<Label>Liverpool Citizens Support Scheme</Label>
		<Type>Website navigation</Type></WebsiteNavigation>
		<WebsiteNavigation>
		<Label>Employment and job seekers benefits</Label>
		<Type>Website navigation</Type></WebsiteNavigation>
		<WebsiteNavigation>
		<Label>Make an appeal</Label>
		<Type>Website navigation</Type></WebsiteNavigation>
		<WebsiteNavigation>
		<Label>Report a benefit fraud</Label>
		<Type>Website navigation</Type></WebsiteNavigation>
		<WebsiteNavigation>
		<Label>Redundancy</Label>
		<Type>Website navigation</Type></WebsiteNavigation>
		<WebsiteNavigation>
		<Label>Death and bereavement benefits</Label>
		<Type>Website navigation</Type></WebsiteNavigation>
		<WebsiteNavigation>
		<Label>Retirement and pensions benefits</Label>
		<Type>Website navigation</Type></WebsiteNavigation>
		<WebsiteNavigation>
		<Label>Social fund benefits</Label>
		<Type>Website navigation</Type></WebsiteNavigation>
	</WebsiteNavigation>
	<WebsiteNavigation>
		<Label>Births, marriages, deaths</Label>
		<Type>Website navigation</Type>
		<WebsiteNavigation>
		<Label>Copy certificates</Label>
		<Type>Website navigation</Type></WebsiteNavigation>
		<WebsiteNavigation>
		<Label>Register a birth</Label>
		<Type>Website navigation</Type></WebsiteNavigation>
		<WebsiteNavigation>
		<Label>Register a death</Label>
		<Type>Website navigation</Type></WebsiteNavigation>
		<WebsiteNavigation>
		<Label>Burials and cremations</Label>
		<Type>Website navigation</Type></WebsiteNavigation>
		<WebsiteNavigation>
		<Label>Family history certificates</Label>
		<Type>Website navigation</Type></WebsiteNavigation>
		<WebsiteNavigation>
		<Label>Marriages and civil partnerships</Label>
		<Type>Website navigation</Type></WebsiteNavigation>
		<WebsiteNavigation>
		<Label>Make a final ceremony payment</Label>
		<Type>Website navigation</Type></WebsiteNavigation>
		<WebsiteNavigation>
		<Label>Other registrar services</Label>
		<Type>Website navigation</Type></WebsiteNavigation>
	</WebsiteNavigation>
	<WebsiteNavigation>
		<Label>Crime prevention and emergencies</Label>
		<Type>Website navigation</Type>
		<WebsiteNavigation>
		<Label>Domestic violence</Label>
		<Type>Website navigation</Type></WebsiteNavigation>
		<WebsiteNavigation>
		<Label>Anti social behaviour</Label>
		<Type>Website navigation</Type></WebsiteNavigation>
		<WebsiteNavigation>
		<Label>Alleygating</Label>
		<Type>Website navigation</Type></WebsiteNavigation>
		<WebsiteNavigation>
		<Label>Emergency planning</Label>
		<Type>Website navigation</Type></WebsiteNavigation>
		<WebsiteNavigation>
		<Label>Emergency services</Label>
		<Type>Website navigation</Type></WebsiteNavigation>
		<WebsiteNavigation>
		<Label>Crime prevention advice</Label>
		<Type>Website navigation</Type></WebsiteNavigation>
		<WebsiteNavigation>
		<Label>Crime fighters</Label>
		<Type>Website navigation</Type></WebsiteNavigation>
		<WebsiteNavigation>
		<Label>Report a crime</Label>
		<Type>Website navigation</Type></WebsiteNavigation>
		<WebsiteNavigation>
		<Label>Her Majesty's Court Service</Label>
		<Type>Website navigation</Type></WebsiteNavigation>
		<WebsiteNavigation>
		<Label>Extreme weather</Label>
		<Type>Website navigation</Type></WebsiteNavigation>
		<WebsiteNavigation>
		<Label>CCTV - Accessing information</Label>
		<Type>Website navigation</Type></WebsiteNavigation>
	</WebsiteNavigation>
	<WebsiteNavigation>
		<Label>Health and social care</Label>
		<Type>Website navigation</Type>
		<WebsiteNavigation>
		<Label>Adults and older people</Label>
		<Type>Website navigation</Type></WebsiteNavigation>
		<WebsiteNavigation>
		<Label>Children's health and social care</Label>
		<Type>Website navigation</Type></WebsiteNavigation>
		<WebsiteNavigation>
		<Label>Carers</Label>
		<Type>Website navigation</Type></WebsiteNavigation>
		<WebsiteNavigation>
		<Label>Disability services</Label>
		<Type>Website navigation</Type></WebsiteNavigation>
		<WebsiteNavigation>
		<Label>Health services</Label>
		<Type>Website navigation</Type></WebsiteNavigation>
		<WebsiteNavigation>
		<Label>Telecare alarms and equipment</Label>
		<Type>Website navigation</Type></WebsiteNavigation>
		<WebsiteNavigation>
		<Label>Day support care services</Label>
		<Type>Website navigation</Type></WebsiteNavigation>
		<WebsiteNavigation>
		<Label>Careline</Label>
		<Type>Website navigation</Type></WebsiteNavigation>
		<WebsiteNavigation>
		<Label>Healthwatch</Label>
		<Type>Website navigation</Type></WebsiteNavigation>
	</WebsiteNavigation>
	<WebsiteNavigation>
		<Label>Housing</Label>
		<Type>Website navigation</Type>
		<WebsiteNavigation>
		<Label>Housing associations</Label>
		<Type>Website navigation</Type></WebsiteNavigation>
		<WebsiteNavigation>
		<Label>Housing standards and conditions</Label>
		<Type>Website navigation</Type></WebsiteNavigation>
		<WebsiteNavigation>
		<Label>Private housing</Label>
		<Type>Website navigation</Type></WebsiteNavigation>
		<WebsiteNavigation>
		<Label>Housing benefits</Label>
		<Type>Website navigation</Type></WebsiteNavigation>
		<WebsiteNavigation>
		<Label>Sheltered housing</Label>
		<Type>Website navigation</Type></WebsiteNavigation>
		<WebsiteNavigation>
		<Label>Homeless or at risk</Label>
		<Type>Website navigation</Type></WebsiteNavigation>
		<WebsiteNavigation>
		<Label>Adapting or improving your home</Label>
		<Type>Website navigation</Type></WebsiteNavigation>
		<WebsiteNavigation>
		<Label>Available social rented housing</Label>
		<Type>Website navigation</Type></WebsiteNavigation>
		<WebsiteNavigation>
		<Label>Gypsy and Traveller sites</Label>
		<Type>Website navigation</Type></WebsiteNavigation>
		<WebsiteNavigation>
		<Label>Energy efficiency and fuel poverty</Label>
		<Type>Website navigation</Type></WebsiteNavigation>
		<WebsiteNavigation>
		<Label>Handyperson service</Label>
		<Type>Website navigation</Type></WebsiteNavigation>
	</WebsiteNavigation>
	<WebsiteNavigation>
		<Label>Pests, pollution and food hygiene</Label>
		<Type>Website navigation</Type>
		<WebsiteNavigation>
		<Label>Pests and infestation</Label>
		<Type>Website navigation</Type></WebsiteNavigation>
		<WebsiteNavigation>
		<Label>Pollution</Label>
		<Type>Website navigation</Type></WebsiteNavigation>
		<WebsiteNavigation>
		<Label>Hygiene in food outlets</Label>
		<Type>Website navigation</Type></WebsiteNavigation>
		<WebsiteNavigation>
		<Label>Dog issues</Label>
		<Type>Website navigation</Type></WebsiteNavigation>
		<WebsiteNavigation>
		<Label>Dog control orders</Label>
		<Type>Website navigation</Type></WebsiteNavigation>
	</WebsiteNavigation>
	<WebsiteNavigation>
		<Label>Consumer advice</Label>
		<Type>Website navigation</Type>
		<WebsiteNavigation>
		<Label>Consumer advice and guidance</Label>
		<Type>Website navigation</Type></WebsiteNavigation>
		<WebsiteNavigation>
		<Label>Doorstep crime</Label>
		<Type>Website navigation</Type></WebsiteNavigation>
		<WebsiteNavigation>
		<Label>Trade advice</Label>
		<Type>Website navigation</Type></WebsiteNavigation>
		<WebsiteNavigation>
		<Label>Report a trading standards issue</Label>
		<Type>Website navigation</Type></WebsiteNavigation>
	</WebsiteNavigation>
	<WebsiteNavigation>
		<Label>Report an issue</Label>
		<Type>Website navigation</Type>
		<WebsiteNavigation>
		<Label>Bins and waste</Label>
		<Type>Website navigation</Type></WebsiteNavigation>
		<WebsiteNavigation>
		<Label>Street lights</Label>
		<Type>Website navigation</Type></WebsiteNavigation>
		<WebsiteNavigation>
		<Label>Potholes</Label>
		<Type>Website navigation</Type></WebsiteNavigation>
		<WebsiteNavigation>
		<Label>Flytipping</Label>
		<Type>Website navigation</Type></WebsiteNavigation>
		<WebsiteNavigation>
		<Label>Other street issues</Label>
		<Type>Website navigation</Type></WebsiteNavigation>
		<WebsiteNavigation>
		<Label>Pests and infestation</Label>
		<Type>Website navigation</Type></WebsiteNavigation>
		<WebsiteNavigation>
		<Label>Dog issues</Label>
		<Type>Website navigation</Type></WebsiteNavigation>
		<WebsiteNavigation>
		<Label>Benefit fraud</Label>
		<Type>Website navigation</Type></WebsiteNavigation>
		<WebsiteNavigation>
		<Label>Abandoned and untaxed vehicles</Label>
		<Type>Website navigation</Type></WebsiteNavigation>
		<WebsiteNavigation>
		<Label>Food hygiene issue</Label>
		<Type>Website navigation</Type></WebsiteNavigation>
		<WebsiteNavigation>
		<Label>Formal complaints &amp; compliments</Label>
		<Type>Website navigation</Type></WebsiteNavigation>
		<WebsiteNavigation>
		<Label>Anti social behaviour</Label>
		<Type>Website navigation</Type></WebsiteNavigation>
		<WebsiteNavigation>
		<Label>FOI request</Label>
		<Type>Website navigation</Type></WebsiteNavigation>
		<WebsiteNavigation>
		<Label>Child protection issues</Label>
		<Type>Website navigation</Type></WebsiteNavigation>
		<WebsiteNavigation>
		<Label>Adult protection issues</Label>
		<Type>Website navigation</Type></WebsiteNavigation>
		<WebsiteNavigation>
		<Label>Whistleblowing</Label>
		<Type>Website navigation</Type></WebsiteNavigation>
		<WebsiteNavigation>
		<Label>Complaints about children's services</Label>
		<Type>Website navigation</Type></WebsiteNavigation>
		<WebsiteNavigation>
		<Label>Complaints about schools</Label>
		<Type>Website navigation</Type></WebsiteNavigation>
	</WebsiteNavigation>
</WebsiteNavigation>